timestamp(unix),attitude_roll(radians),attitude_pitch(radians),attitude_yaw(radians),rotation_rate_x(radians/s),rotation_rate_y(radians/s),rotation_rate_z(radians/s),gravity_x(G),gravity_y(G),gravity_z(G),user_acc_x(G),user_acc_y(G),user_acc_z(G),magnetic_field_x(microteslas),magnetic_field_y(microteslas),magnetic_field_z(microteslas),latitude(degree),longitude(degree),altitude(meter),speed(m/s),course(degree),timestamp(unix),User Mark
1530640314.206039,0.038083,0.362021,-1.471419,-0.260780,-0.253394,-0.137671,0.035606,-0.354165,-0.934504,0.013161,0.040597,-0.011892,5.808987,4.084801,-17.367035,,,,,,,
,,,,,,,,,,,,,,,,39.779279,-84.064328,291.735626,-1.000000,-1.000000,1530640298.442675,
,,,,,,,,,,,,,,,,39.779449,-84.063593,291.645020,2.299735,-1.000000,1530640314.186179,
1530640314.226008,0.034638,0.357697,-1.474578,-0.202809,-0.202377,-0.174707,0.032440,-0.350117,-0.936144,0.019089,0.050038,-0.008879,5.738903,4.380318,-17.034088,,,,,,,
1530640314.245977,0.035045,0.353062,-1.478992,-0.245456,0.040839,-0.223775,0.032877,-0.345773,-0.937742,-0.004297,0.035104,0.008970,5.795158,4.318108,-17.355949,,,,,,,
1530640314.265946,0.039227,0.347320,-1.482871,-0.288867,0.189553,-0.176214,0.036875,-0.340379,-0.939565,0.005239,0.017335,-0.019527,5.831463,4.376144,-17.329010,,,,,,,
,,,,,,,,,,,,,,,,39.779477,-84.063462,291.645020,-1.000000,-1.000000,1530640314.263856,
,,,,,,,,,,,,,,,,39.779477,-84.063462,291.645020,-1.000000,-1.000000,1530640314.276189,
1530640314.285915,0.044063,0.342296,-1.485551,-0.196102,0.190148,-0.107101,0.041494,-0.335651,-0.941072,0.031260,0.006183,-0.077254,5.871372,4.560326,-17.487488,,,,,,,
1530640314.305884,0.048303,0.340138,-1.486482,-0.046929,0.190535,-0.010543,0.045518,-0.333617,-0.941609,0.033034,0.003859,-0.078762,5.934254,4.547050,-17.303192,,,,,,,
,,,,,,,,,,,,,,,,39.779477,-84.063461,291.645020,-1.000000,-1.000000,1530640314.310957,
1530640314.325852,0.051192,0.339844,-1.485650,-0.009776,0.139225,0.064311,0.048243,-0.333340,-0.941571,0.036352,0.008800,-0.037143,6.004196,4.545189,-16.797775,,,,,,,
,,,,,,,,,,,,,,,,39.779477,-84.063461,291.645020,-1.000000,-1.000000,1530640314.326478,
1530640314.345821,0.052379,0.338722,-1.483190,-0.097428,0.087947,0.140491,0.049380,-0.332282,-0.941886,0.028577,-0.001733,0.004127,6.090752,4.584923,-16.880280,,,,,,,
1530640314.365790,0.052131,0.335653,-1.479607,-0.190985,0.010498,0.170236,0.049199,-0.329386,-0.942912,0.015544,0.003504,0.004863,5.966434,4.699036,-17.003815,,,,,,,
1530640314.385759,0.050058,0.331259,-1.475927,-0.234901,-0.085439,0.157305,0.047316,-0.325233,-0.944449,0.001573,0.009712,-0.023477,5.813438,4.842766,-17.008003,,,,,,,
,,,,,,,,,,,,,,,,39.779477,-84.063460,291.645020,-1.000000,-1.000000,1530640314.371972,
1530640314.405728,0.046890,0.327091,-1.472640,-0.185468,-0.101890,0.139437,0.044388,-0.321289,-0.945940,-0.001022,0.018906,-0.055052,5.973339,4.869308,-17.086945,,,,,,,
,,,,,,,,,,,,,,,,39.779477,-84.063460,291.645020,-1.000000,-1.000000,1530640314.378008,
1530640314.425697,0.045070,0.324816,-1.470095,-0.084511,-0.036541,0.103088,0.042699,-0.319135,-0.946747,-0.022420,0.025113,-0.042572,5.848660,4.983368,-17.242439,,,,,,,
1530640314.445666,0.043490,0.324025,-1.468379,-0.028649,-0.063921,0.068924,0.041214,-0.318385,-0.947065,-0.018921,0.025996,-0.014788,5.834297,4.946571,-17.224899,,,,,,,
1530640314.465635,0.043072,0.323322,-1.468979,-0.027682,-0.025562,-0.050615,0.040828,-0.317718,-0.947306,-0.023951,0.029571,0.013361,5.960728,4.727852,-17.371300,,,,,,,
1530640314.485604,0.042041,0.322601,-1.469647,-0.021564,-0.073186,-0.028265,0.039860,-0.317035,-0.947576,-0.042942,0.009341,-0.004893,5.857910,4.945763,-17.152367,,,,,,,
1530640314.505573,0.040796,0.322054,-1.469939,-0.018588,-0.051252,-0.007694,0.038688,-0.316516,-0.947798,-0.043373,0.009890,0.007078,5.854378,4.760612,-17.013237,,,,,,,
1530640314.525542,0.039617,0.321057,-1.469678,-0.065896,-0.056856,0.006802,0.037583,-0.315570,-0.948157,-0.038971,0.020068,-0.002618,5.789787,5.046539,-17.382172,,,,,,,
1530640314.545510,0.038239,0.318856,-1.469999,-0.114901,-0.067644,-0.027236,0.036302,-0.313481,-0.948900,-0.027269,0.019963,-0.008101,5.680065,5.157349,-17.236031,,,,,,,
1530640314.565479,0.038561,0.316600,-1.470792,-0.114760,0.066075,-0.048167,0.036636,-0.311338,-0.949593,-0.026489,0.010511,0.001091,5.823498,5.123810,-17.403839,,,,,,,
1530640314.585448,0.039274,0.314503,-1.471248,-0.110774,0.017317,-0.021484,0.037338,-0.309344,-0.950217,-0.035080,0.036257,-0.003900,5.791813,5.182251,-17.287537,,,,,,,
1530640314.605417,0.039454,0.311957,-1.471707,-0.128475,0.014114,-0.036403,0.037540,-0.306921,-0.950994,-0.050205,0.008841,0.015142,5.776356,5.259109,-17.308113,,,,,,,
1530640314.625386,0.039263,0.309523,-1.472032,-0.104534,-0.016957,-0.014164,0.037388,-0.304604,-0.951745,-0.017903,0.006707,-0.015907,5.803604,5.413773,-17.245010,,,,,,,
,,,,,,,,,,,,,,,,39.779239,-84.064289,291.874786,-1.000000,-1.000000,1530640314.602798,
1530640314.645355,0.038429,0.308279,-1.472288,-0.039429,-0.061069,-0.023697,0.036608,-0.303419,-0.952154,-0.024493,0.029554,-0.026606,5.811119,5.154289,-17.162064,,,,,,,
1530640314.665324,0.037403,0.307875,-1.472998,-0.006749,-0.034435,-0.045490,0.035636,-0.303034,-0.952313,-0.017157,0.031901,-0.008701,5.811607,5.212776,-17.411514,,,,,,,
1530640314.685293,0.037653,0.307864,-1.474054,0.014268,0.040676,-0.052903,0.035874,-0.303024,-0.952307,-0.014329,0.024490,-0.009836,5.795925,5.265625,-17.308647,,,,,,,
1530640314.705262,0.039177,0.308592,-1.474750,0.064341,0.089017,-0.021928,0.037316,-0.303718,-0.952031,-0.014428,0.031165,-0.030727,5.844109,5.137680,-17.376083,,,,,,,
1530640314.725231,0.041000,0.310654,-1.474931,0.131225,0.085487,0.006462,0.039027,-0.305681,-0.951333,0.005743,0.016237,-0.039954,5.819302,5.048447,-17.451675,,,,,,,
1530640314.745200,0.041898,0.313253,-1.474590,0.135289,0.045627,0.023483,0.039847,-0.308154,-0.950501,0.019586,0.018268,-0.022994,5.813095,5.065544,-17.489334,,,,,,,
1530640314.765168,0.042327,0.315173,-1.474192,0.075541,0.023587,0.020777,0.040230,-0.309981,-0.949891,0.011665,0.027297,0.001572,5.963375,5.022713,-17.428810,,,,,,,
1530640314.785137,0.042165,0.315015,-1.473687,-0.047192,0.004823,0.026312,0.040078,-0.309831,-0.949946,0.015052,0.017717,0.009257,5.982471,5.088120,-17.509712,,,,,,,
1530640314.805106,0.042469,0.312414,-1.472792,-0.161631,0.042287,0.041731,0.040401,-0.307356,-0.950736,0.010121,0.012709,0.014167,5.940479,5.054802,-17.439568,,,,,,,
1530640314.825075,0.042900,0.307894,-1.471808,-0.259091,0.033540,0.034102,0.040870,-0.303052,-0.952097,0.012979,0.027570,0.008005,5.852757,5.146202,-17.596840,,,,,,,
1530640314.845044,0.043558,0.301503,-1.471095,-0.341860,0.053506,0.024296,0.041580,-0.296956,-0.953985,0.000458,0.022374,0.006506,6.034683,5.201363,-17.410095,,,,,,,
1530640314.865013,0.044959,0.294272,-1.470126,-0.367083,0.093214,0.030150,0.043012,-0.290043,-0.956046,0.008135,0.004582,-0.006448,5.825638,5.480110,-17.469093,,,,,,,
1530640314.884982,0.046421,0.287191,-1.469098,-0.346133,0.081044,0.033101,0.044504,-0.283259,-0.958010,0.010580,0.012370,-0.012998,5.999245,5.482315,-17.472122,,,,,,,
1530640314.904951,0.046852,0.281128,-1.467577,-0.277315,-0.005434,0.083721,0.044997,-0.277439,-0.959689,0.011583,-0.000835,-0.027402,6.045837,5.616257,-17.586266,,,,,,,
1530640314.924920,0.045722,0.276931,-1.465125,-0.173689,-0.014463,0.107376,0.043964,-0.273405,-0.960894,0.001415,0.013792,-0.031889,6.021271,5.947678,-17.437515,,,,,,,
1530640314.944889,0.045073,0.275058,-1.462610,-0.065832,0.006349,0.125739,0.043364,-0.271603,-0.961432,-0.000350,0.016598,-0.025415,6.093719,6.006012,-17.339012,,,,,,,
1530640314.964858,0.044131,0.274830,-1.459624,0.005252,-0.015948,0.153994,0.042461,-0.271383,-0.961534,-0.003948,0.001257,-0.016096,6.043007,5.883621,-17.477364,,,,,,,
1530640314.984827,0.042921,0.275732,-1.455913,0.059427,-0.018475,0.197623,0.041287,-0.272251,-0.961340,0.005588,-0.000210,-0.024409,6.192478,5.843620,-17.335083,,,,,,,
1530640315.004796,0.041141,0.277525,-1.451884,0.097171,-0.041681,0.199268,0.039555,-0.273977,-0.960922,-0.010182,0.011571,-0.032333,6.056278,5.798439,-17.284912,,,,,,,
1530640315.024764,0.039593,0.279815,-1.447729,0.118111,-0.017423,0.202391,0.038043,-0.276178,-0.960353,0.006909,0.002252,-0.007237,6.293201,5.463348,-17.386482,,,,,,,
1530640315.045974,0.037441,0.282559,-1.443581,0.129778,-0.079147,0.187952,0.035948,-0.278814,-0.959672,0.002886,-0.003428,-0.001067,6.237957,5.458397,-17.413307,,,,,,,
1530640315.065943,0.034287,0.285148,-1.440178,0.117468,-0.129698,0.155482,0.032896,-0.281299,-0.959056,0.006365,-0.004116,0.011012,6.183064,5.396355,-17.235329,,,,,,,
1530640315.085912,0.031061,0.286953,-1.437709,0.074941,-0.112727,0.097780,0.029786,-0.283031,-0.958648,0.004119,-0.002904,0.020385,6.064964,5.505890,-17.279350,,,,,,,
1530640315.105880,0.028699,0.287605,-1.436498,0.010393,-0.107892,0.040254,0.027517,-0.283656,-0.958531,0.002253,0.002223,0.009831,5.897148,5.589027,-17.086075,,,,,,,
1530640315.125849,0.026803,0.287030,-1.436289,-0.048976,-0.072194,-0.010717,0.025703,-0.283105,-0.958744,-0.008781,0.001748,-0.003506,5.982296,5.500427,-17.141808,,,,,,,
1530640315.145818,0.026411,0.285943,-1.437307,-0.048528,-0.025444,-0.066576,0.025336,-0.282062,-0.959061,-0.015006,-0.001233,-0.021667,5.948792,5.587891,-17.363525,,,,,,,
1530640315.165787,0.026670,0.285492,-1.439222,-0.009402,-0.015243,-0.106851,0.025587,-0.281630,-0.959182,-0.014189,-0.004793,-0.017289,5.861271,5.808968,-17.085320,,,,,,,
1530640315.185756,0.026983,0.285695,-1.441947,0.025494,-0.030468,-0.141804,0.025886,-0.281825,-0.959116,-0.012870,-0.008580,-0.007513,5.870369,5.678772,-17.278801,,,,,,,
1530640315.205725,0.026797,0.286439,-1.445005,0.051770,-0.063546,-0.148723,0.025702,-0.282538,-0.958911,-0.008902,-0.004449,-0.003674,5.796577,5.537132,-17.458580,,,,,,,
1530640315.225694,0.026332,0.287451,-1.448384,0.058170,-0.062354,-0.161722,0.025249,-0.283509,-0.958637,-0.014018,-0.011504,-0.007687,5.733746,5.767563,-17.417587,,,,,,,
1530640315.245663,0.026057,0.288459,-1.451354,0.054772,-0.047108,-0.131417,0.024977,-0.284475,-0.958358,-0.015868,-0.010141,-0.006684,5.894253,5.662155,-17.385590,,,,,,,
1530640315.265632,0.025809,0.289869,-1.453623,0.091132,-0.035265,-0.089687,0.024729,-0.285826,-0.957962,-0.010478,-0.012758,-0.019974,5.749733,5.489578,-17.309891,,,,,,,
1530640315.285601,0.025830,0.292461,-1.454958,0.156837,-0.010198,-0.046048,0.024731,-0.288309,-0.957218,-0.005688,-0.008154,-0.018795,5.824348,5.553032,-17.409111,,,,,,,
1530640315.305570,0.025863,0.296323,-1.455703,0.213294,-0.007050,-0.025062,0.024733,-0.292006,-0.956096,0.001161,-0.000353,-0.011982,5.972786,5.313164,-17.176048,,,,,,,
1530640315.325539,0.025770,0.301066,-1.456185,0.248836,-0.002741,-0.011401,0.024608,-0.296538,-0.954704,0.006505,-0.001451,-0.003487,5.843273,5.221016,-17.273689,,,,,,,
1530640315.345508,0.025847,0.306337,-1.456397,0.273927,0.004913,-0.001921,0.024641,-0.301569,-0.953126,0.009066,0.005670,-0.008163,5.906776,5.184586,-17.319221,,,,,,,
1530640315.365477,0.025759,0.311901,-1.456384,0.285342,-0.011752,0.012972,0.024513,-0.306868,-0.951436,0.011726,0.005660,-0.015498,5.802078,5.171921,-17.378143,,,,,,,
1530640315.385446,0.025342,0.317410,-1.456238,0.273815,-0.020573,0.011971,0.024074,-0.312107,-0.949742,0.016927,0.006549,-0.008159,5.702991,4.947899,-17.332939,,,,,,,
1530640315.405415,0.025283,0.322566,-1.455907,0.253750,0.019060,0.028560,0.023977,-0.317002,-0.948122,0.015238,0.004105,0.004915,5.710911,4.851692,-17.558929,,,,,,,
1530640315.425384,0.025768,0.327108,-1.455273,0.221129,0.037744,0.041940,0.024399,-0.321306,-0.946661,0.019607,0.003984,0.003378,5.827457,4.842445,-17.213646,,,,,,,
1530640315.445353,0.026140,0.330984,-1.454316,0.184320,0.023314,0.055205,0.024718,-0.324974,-0.945400,0.020692,0.003959,-0.003697,5.871944,4.659554,-17.434814,,,,,,,
1530640315.465321,0.026159,0.333803,-1.453263,0.122447,0.010083,0.055800,0.024713,-0.327638,-0.944480,0.016669,0.002062,0.000952,5.990234,4.570900,-17.668221,,,,,,,
1530640315.485290,0.025717,0.335214,-1.452272,0.043929,-0.024005,0.040293,0.024283,-0.328971,-0.944027,0.010553,0.002417,0.005673,5.839970,4.655319,-17.692406,,,,,,,
1530640315.505259,0.024856,0.335126,-1.451691,-0.029330,-0.039314,0.022666,0.023471,-0.328888,-0.944077,0.010785,0.004272,0.017212,5.913601,4.559875,-17.531685,,,,,,,
1530640315.525228,0.024092,0.333886,-1.451542,-0.077368,-0.047962,-0.001668,0.022759,-0.327717,-0.944502,0.003562,0.003864,0.015241,5.901215,4.516991,-17.529076,,,,,,,
1530640315.545197,0.023428,0.332124,-1.451779,-0.088782,-0.037920,-0.016595,0.022146,-0.326052,-0.945092,0.002787,0.003878,0.018594,5.799824,4.647011,-17.358513,,,,,,,
1530640315.565166,0.022750,0.330306,-1.452347,-0.088632,-0.047727,-0.034982,0.021518,-0.324332,-0.945698,0.000516,0.001029,0.005101,5.703205,4.776093,-17.555779,,,,,,,
1530640315.585135,0.022267,0.328752,-1.453158,-0.070771,-0.032248,-0.039411,0.021073,-0.322862,-0.946211,-0.003830,-0.000701,-0.002535,5.842163,4.387726,-17.490753,,,,,,,
1530640315.605104,0.021455,0.327776,-1.453774,-0.032152,-0.067746,-0.016267,0.020311,-0.321939,-0.946542,-0.010133,-0.007697,-0.020911,5.710911,4.830910,-17.473854,,,,,,,
1530640315.625073,0.020535,0.327510,-1.453634,-0.020771,-0.010466,0.001144,0.019442,-0.321686,-0.946647,-0.009844,0.006607,-0.014367,5.855759,4.769066,-17.580910,,,,,,,
1530640315.645042,0.020832,0.326968,-1.453740,-0.030197,0.011628,-0.000805,0.019727,-0.321173,-0.946815,-0.002638,-0.005380,-0.011803,5.705093,4.662659,-17.538551,,,,,,,
1530640315.665011,0.020605,0.326402,-1.453353,-0.027240,-0.009510,0.022787,0.019516,-0.320637,-0.947001,-0.001907,-0.004527,-0.010092,5.797527,4.756721,-17.386665,,,,,,,
1530640315.684980,0.020388,0.325701,-1.453061,-0.037596,0.000539,0.006772,0.019314,-0.319973,-0.947230,0.004474,-0.004353,-0.014669,5.731464,4.793762,-17.435585,,,,,,,
1530640315.704949,0.019982,0.325099,-1.452799,-0.018818,-0.030464,0.019362,0.018934,-0.319403,-0.947430,0.000399,-0.005304,-0.018086,5.595776,4.968719,-17.487175,,,,,,,
1530640315.724918,0.018735,0.325127,-1.452468,0.005416,-0.060185,0.006018,0.017752,-0.319429,-0.947443,0.007226,0.003130,-0.011266,5.630619,4.844933,-17.745880,,,,,,,
1530640315.744887,0.018093,0.325009,-1.452627,-0.017542,-0.024750,-0.008667,0.017145,-0.319317,-0.947493,0.003653,-0.000080,-0.002581,5.640404,4.854973,-17.530472,,,,,,,
1530640315.764856,0.017472,0.324648,-1.452688,-0.015528,-0.048007,0.001983,0.016558,-0.318975,-0.947618,0.002225,0.003637,-0.003142,5.630989,4.911751,-17.511223,,,,,,,
1530640315.784825,0.016101,0.324366,-1.452911,-0.020589,-0.078765,-0.019682,0.015260,-0.318708,-0.947730,0.010374,0.003538,-0.004037,5.648037,4.820671,-17.561226,,,,,,,
1530640315.804794,0.015204,0.323880,-1.453442,-0.020581,-0.036803,-0.021636,0.014413,-0.318247,-0.947898,0.000877,0.002985,-0.010735,5.601501,4.688454,-17.273148,,,,,,,
1530640315.824763,0.014396,0.323928,-1.453698,0.019156,-0.061203,-0.007076,0.013647,-0.318292,-0.947894,-0.004110,0.008493,-0.017591,5.567955,4.626656,-17.846268,,,,,,,
1530640315.844732,0.012516,0.324733,-1.453789,0.051646,-0.118643,-0.003384,0.011861,-0.319056,-0.947662,-0.003378,0.003443,-0.016847,5.461243,4.709831,-17.797440,,,,,,,
1530640315.864701,0.010244,0.325474,-1.453865,0.017036,-0.113115,-0.002988,0.009706,-0.319757,-0.947449,-0.012819,0.007349,-0.011962,5.573654,4.731895,-17.712914,,,,,,,
1530640315.884670,0.008276,0.324883,-1.454234,-0.048872,-0.103021,-0.022731,0.007843,-0.319198,-0.947655,-0.028061,0.008865,-0.009025,5.506889,4.760544,-17.368431,,,,,,,
1530640315.904639,0.006806,0.323264,-1.454815,-0.097071,-0.064328,-0.028501,0.006454,-0.317663,-0.948181,-0.049865,0.001471,-0.004639,5.436718,4.693993,-17.809502,,,,,,,
1530640315.924608,0.006101,0.320709,-1.454905,-0.139293,-0.028113,0.004480,0.005790,-0.315239,-0.948994,-0.041343,0.010674,-0.001567,5.518623,4.708679,-17.579773,,,,,,,
1530640315.944576,0.005109,0.318133,-1.454791,-0.112074,-0.048035,0.010564,0.004853,-0.312794,-0.949808,-0.031983,0.003346,-0.007681,5.428452,5.036545,-17.544945,,,,,,,
1530640315.964545,0.004130,0.316414,-1.454603,-0.072135,-0.045762,-0.000638,0.003925,-0.311160,-0.950349,-0.037052,0.007922,-0.005599,5.321934,4.958336,-17.560143,,,,,,,
1530640315.984514,0.002485,0.315080,-1.454745,-0.066742,-0.115197,-0.017206,0.002363,-0.309893,-0.950768,-0.033582,0.005175,0.003594,5.458984,4.840897,-17.695839,,,,,,,
1530640316.004483,-0.000789,0.313929,-1.454619,-0.057606,-0.130914,0.020370,-0.000750,-0.308798,-0.951127,-0.021649,0.003302,0.030961,5.311611,4.875175,-17.543633,,,,,,,
1530640316.024452,-0.003877,0.312660,-1.454354,-0.074174,-0.139562,-0.005381,-0.003689,-0.307591,-0.951511,-0.036838,0.004673,0.012760,5.286003,5.028839,-17.712257,,,,,,,
1530640316.044421,-0.005892,0.310205,-1.454709,-0.154795,-0.072078,-0.022531,-0.005611,-0.305254,-0.952254,-0.011738,0.003084,0.025420,5.255726,5.092224,-17.660683,,,,,,,
1530640316.064390,-0.006774,0.306264,-1.455524,-0.215408,-0.044279,-0.048712,-0.006459,-0.301499,-0.953444,-0.016811,-0.000442,0.011886,5.287094,4.884109,-17.841949,,,,,,,
1530640316.084359,-0.007230,0.302187,-1.456787,-0.193247,-0.038646,-0.066181,-0.006902,-0.297609,-0.954663,-0.014048,-0.004302,-0.012989,5.167080,5.089348,-17.683777,,,,,,,
1530640316.104328,-0.010564,0.299274,-1.457748,-0.133661,-0.325894,-0.035843,-0.010094,-0.294826,-0.955497,-0.011955,0.046917,-0.041146,5.268646,5.138168,-17.549576,,,,,,,
1530640316.124297,-0.017265,0.297258,-1.459080,-0.086361,-0.298212,-0.050238,-0.016507,-0.292900,-0.956000,-0.004062,-0.048882,0.033729,5.021282,5.413254,-17.412025,,,,,,,
1530640316.144266,-0.021549,0.295665,-1.460419,-0.087185,-0.204173,-0.079970,-0.020613,-0.291376,-0.956386,-0.003954,-0.002691,0.010677,4.971741,5.434853,-17.605392,,,,,,,
1530640316.164235,-0.023939,0.293677,-1.462323,-0.113341,-0.104742,-0.090000,-0.022912,-0.289474,-0.956912,0.008660,-0.001344,0.027346,4.981647,5.474968,-17.902649,,,,,,,
1530640316.184204,-0.023957,0.291131,-1.464175,-0.127091,0.002263,-0.078556,-0.022947,-0.287036,-0.957645,0.017164,-0.023160,0.018008,4.858845,5.739166,-17.752281,,,,,,,
1530640316.204173,-0.023125,0.289135,-1.465597,-0.090513,0.039681,-0.063660,-0.022164,-0.285123,-0.958234,0.029106,-0.012545,0.000089,4.816620,5.627083,-17.666367,,,,,,,
1530640316.224142,-0.021458,0.288169,-1.466844,-0.036067,0.073820,-0.054373,-0.020571,-0.284197,-0.958545,0.038592,-0.012739,-0.014386,4.856789,5.677589,-17.451591,,,,,,,
1530640316.244111,-0.019964,0.288160,-1.467865,0.016283,0.050543,-0.043172,-0.019139,-0.284189,-0.958577,0.040837,-0.012289,-0.025020,5.094284,5.740166,-17.702301,,,,,,,
1530640316.264080,-0.019238,0.289130,-1.468676,0.056075,0.004111,-0.035196,-0.018438,-0.285119,-0.958315,0.045965,-0.012031,-0.022871,5.036587,5.590584,-17.798729,,,,,,,
1530640316.284049,-0.019300,0.290750,-1.469176,0.090559,-0.024711,-0.019525,-0.018489,-0.286671,-0.957850,0.042522,-0.014583,-0.019917,4.793392,5.583725,-17.706390,,,,,,,
1530640316.304018,-0.019869,0.292582,-1.469471,0.086296,-0.052366,-0.010992,-0.019024,-0.288425,-0.957313,0.040340,-0.015713,-0.014183,4.865978,5.619064,-17.594643,,,,,,,
1530640316.323987,-0.020959,0.293922,-1.469428,0.052557,-0.064657,0.011963,-0.020058,-0.289708,-0.956905,0.035912,-0.018443,-0.017186,5.014351,5.326439,-17.784454,,,,,,,
1530640316.343956,-0.022221,0.294617,-1.468968,0.028277,-0.065889,0.031627,-0.021262,-0.290374,-0.956677,0.026603,-0.017076,-0.022663,4.914677,5.430542,-17.638687,,,,,,,
1530640316.363925,-0.023623,0.295148,-1.468168,0.026074,-0.065978,0.044593,-0.022600,-0.290882,-0.956492,0.018327,-0.017056,-0.026846,4.791782,5.622002,-17.536507,,,,,,,
1530640316.383894,-0.024869,0.295718,-1.467192,0.032327,-0.048347,0.048925,-0.023787,-0.291427,-0.956297,0.012358,-0.012498,-0.021562,4.805630,5.410667,-17.698662,,,,,,,
1530640316.403863,-0.025684,0.296496,-1.466155,0.041751,-0.016345,0.050060,-0.024561,-0.292170,-0.956051,0.006662,-0.014821,-0.014546,4.932484,5.245514,-17.605583,,,,,,,
1530640316.423832,-0.025929,0.297480,-1.465280,0.055483,0.003612,0.037062,-0.024787,-0.293112,-0.955757,0.003394,-0.009897,-0.022240,4.874790,5.369041,-17.669083,,,,,,,
1530640316.443801,-0.025883,0.298851,-1.464488,0.076449,0.008014,0.037941,-0.024733,-0.294423,-0.955355,0.002058,-0.008144,-0.023344,4.930149,5.321083,-17.608582,,,,,,,
1530640316.463770,-0.026040,0.300583,-1.463592,0.095275,0.006861,0.044207,-0.024869,-0.296078,-0.954840,-0.000216,-0.003788,-0.019174,4.850494,5.272354,-17.772530,,,,,,,
1530640316.483739,-0.025923,0.302584,-1.462690,0.102641,0.019024,0.040954,-0.024743,-0.297988,-0.954249,-0.004142,0.000945,-0.011953,4.824451,5.171417,-17.782776,,,,,,,
1530640316.503708,-0.025795,0.304529,-1.461817,0.094282,0.017952,0.036716,-0.024605,-0.299844,-0.953671,-0.003242,0.002953,-0.005497,4.986053,5.126549,-17.970680,,,,,,,
1530640316.523677,-0.025586,0.306421,-1.460891,0.096321,0.024522,0.044284,-0.024391,-0.301649,-0.953107,-0.005272,0.004911,0.001218,4.909187,5.000687,-17.963486,,,,,,,
1530640316.543646,-0.025602,0.308050,-1.459992,0.081667,0.011302,0.041139,-0.024394,-0.303201,-0.952614,-0.004354,0.006982,-0.002052,4.860748,5.202980,-17.493935,,,,,,,
1530640316.563614,-0.025722,0.309592,-1.459053,0.077446,0.007969,0.044404,-0.024496,-0.304670,-0.952143,-0.007853,0.009840,-0.002890,4.889126,5.113792,-17.547691,,,,,,,
1530640316.583583,-0.025846,0.310876,-1.458203,0.059686,0.009137,0.035968,-0.024605,-0.305893,-0.951748,-0.008553,0.013733,0.000103,4.888935,5.063011,-17.813622,,,,,,,
1530640316.603552,-0.025768,0.311765,-1.457480,0.040859,0.019122,0.029746,-0.024523,-0.306739,-0.951477,-0.008299,0.015693,-0.000045,4.886131,4.995346,-17.578911,,,,,,,
1530640316.623521,-0.025537,0.312265,-1.456939,0.019937,0.019172,0.023498,-0.024300,-0.307215,-0.951330,-0.006264,0.017450,-0.003291,4.832706,5.117149,-17.711334,,,,,,,
1530640316.643490,-0.025317,0.312590,-1.456595,0.018970,0.017031,0.013795,-0.024087,-0.307524,-0.951235,-0.005118,0.017469,-0.004545,4.883900,5.062782,-17.753944,,,,,,,
1530640316.663459,-0.025201,0.312977,-1.456401,0.021103,0.012645,0.009436,-0.023974,-0.307892,-0.951119,-0.002012,0.016678,-0.002128,4.959381,5.045616,-17.835129,,,,,,,
1530640316.683428,-0.026582,0.313013,-1.455955,-0.018755,-0.117633,0.013545,-0.025288,-0.307927,-0.951074,-0.006237,0.036107,-0.010032,4.827759,4.946693,-17.861633,,,,,,,
1530640316.703397,-0.027420,0.312413,-1.455904,-0.025076,-0.026017,0.015136,-0.026089,-0.307356,-0.951237,0.002758,-0.003420,0.013676,4.803947,5.010544,-17.853600,,,,,,,
1530640316.723366,-0.028719,0.311333,-1.455849,-0.060585,-0.065628,-0.001935,-0.027335,-0.306328,-0.951533,0.003211,0.018807,0.008586,4.889328,5.084381,-17.877350,,,,,,,
1530640316.743335,-0.029982,0.309936,-1.456141,-0.069908,-0.073256,-0.015893,-0.028550,-0.304998,-0.951925,0.007096,0.011724,0.008001,4.895947,5.059845,-17.905067,,,,,,,
1530640316.763304,-0.031411,0.308163,-1.456873,-0.098018,-0.088531,-0.040473,-0.029927,-0.303309,-0.952422,0.008686,0.013468,0.016051,4.914387,4.962288,-17.975037,,,,,,,
1530640316.783273,-0.033195,0.305909,-1.457694,-0.124319,-0.105158,-0.029485,-0.031648,-0.301161,-0.953048,0.003175,0.005140,0.015975,4.814106,5.165405,-17.847763,,,,,,,
1530640316.803242,-0.036411,0.303618,-1.457813,-0.079689,-0.247995,0.030826,-0.034738,-0.298975,-0.953628,0.000299,-0.003683,-0.017639,4.639755,5.235474,-17.731102,,,,,,,
1530640316.823211,-0.042432,0.302963,-1.456887,-0.025154,-0.249112,0.030239,-0.040487,-0.298350,-0.953597,-0.000696,0.016718,0.005996,4.636784,5.285744,-17.784218,,,,,,,
1530640316.843180,-0.046015,0.302503,-1.456467,-0.017843,-0.165227,0.031642,-0.043910,-0.297910,-0.953583,-0.000355,-0.008593,0.015915,4.474815,5.150124,-17.746956,,,,,,,
1530640316.863149,-0.049615,0.301701,-1.455534,-0.056762,-0.160898,0.046100,-0.047355,-0.297145,-0.953657,-0.012338,0.016276,0.019499,4.498699,5.179054,-17.829247,,,,,,,
1530640316.883118,-0.051805,0.300140,-1.454980,-0.084994,-0.071387,0.033890,-0.049467,-0.295654,-0.954013,-0.014666,0.006515,0.015445,4.578495,5.057983,-17.755867,,,,,,,
1530640316.903087,-0.052253,0.298208,-1.453893,-0.095817,0.039846,0.072289,-0.049924,-0.293808,-0.954560,-0.018344,-0.005158,0.027146,4.449448,5.282387,-17.796219,,,,,,,
1530640316.923056,-0.050426,0.295854,-1.452302,-0.133677,0.150177,0.082933,-0.048215,-0.291557,-0.955337,-0.014682,0.003669,0.031067,4.390469,5.294708,-17.851036,,,,,,,
1530640316.943025,-0.047426,0.292485,-1.450820,-0.185021,0.177832,0.077141,-0.045395,-0.288333,-0.956453,-0.016205,0.002414,0.020357,4.460709,5.358070,-17.743187,,,,,,,
1530640316.962994,-0.044758,0.288291,-1.449406,-0.218508,0.140360,0.069772,-0.042897,-0.284314,-0.957771,-0.005855,0.004636,0.006782,4.664558,5.532936,-17.553703,,,,,,,
1530640316.982963,-0.042905,0.284284,-1.448282,-0.183785,0.096286,0.056244,-0.041170,-0.280470,-0.958979,-0.011045,0.005888,-0.006749,4.793362,5.310616,-17.647324,,,,,,,
1530640317.002932,-0.041804,0.281535,-1.447399,-0.113395,0.065456,0.041326,-0.040146,-0.277830,-0.959791,-0.012802,0.008681,-0.007769,4.851364,5.407234,-17.655586,,,,,,,
1530640317.022901,-0.040479,0.279875,-1.446668,-0.072452,0.100815,0.034585,-0.038894,-0.276236,-0.960303,-0.012849,0.007467,0.002661,4.855598,5.414543,-17.583336,,,,,,,
1530640317.042870,-0.037553,0.278505,-1.446273,-0.080779,0.177052,0.025338,-0.036097,-0.274918,-0.960790,-0.008809,-0.003615,0.006413,4.855061,5.563538,-17.749496,,,,,,,
1530640317.062839,-0.033725,0.276689,-1.445639,-0.088220,0.220031,0.036408,-0.032437,-0.273172,-0.961418,-0.013508,-0.004019,-0.008019,5.054268,5.746529,-17.752525,,,,,,,
1530640317.082808,-0.028663,0.275521,-1.444671,-0.033869,0.319232,0.055715,-0.027578,-0.272048,-0.961888,-0.029108,0.001495,-0.019832,5.136459,5.685966,-17.777153,,,,,,,
1530640317.102777,-0.020386,0.274550,-1.443379,-0.078008,0.527839,0.062590,-0.019621,-0.271114,-0.962347,-0.033464,0.012706,0.013876,5.317276,5.864075,-17.557648,,,,,,,
1530640317.122746,-0.008078,0.270117,-1.442153,-0.329694,0.680283,0.059536,-0.007785,-0.266845,-0.963708,-0.024198,-0.008149,0.052697,5.609329,5.986778,-17.308701,,,,,,,
1530640317.142714,0.006772,0.260189,-1.441115,-0.557157,0.859304,0.043414,0.006544,-0.257264,-0.966319,0.044802,-0.063385,0.066661,5.966167,6.020599,-17.479012,,,,,,,
1530640317.162683,0.023491,0.249104,-1.440723,-0.529157,0.836734,-0.046515,0.022763,-0.246535,-0.968866,-0.006711,0.028701,-0.019369,6.310005,6.202339,-17.361786,,,,,,,
1530640317.182652,0.040513,0.239982,-1.442693,-0.407908,0.803020,-0.125622,0.039341,-0.237685,-0.970545,0.002804,-0.013993,-0.023916,6.525234,6.302979,-17.053825,,,,,,,
1530640317.202621,0.054182,0.233325,-1.445100,-0.277646,0.555852,-0.147619,0.052688,-0.231214,-0.971475,0.000993,-0.019748,-0.031088,6.831329,6.373909,-17.188362,,,,,,,
1530640317.222590,0.062316,0.229330,-1.448691,-0.163826,0.267017,-0.209541,0.060645,-0.227325,-0.971929,0.010598,-0.011230,-0.032237,6.891834,6.618210,-16.975967,,,,,,,
1530640317.242559,0.065854,0.227099,-1.453017,-0.068261,0.061738,-0.221258,0.064117,-0.225152,-0.972212,0.023957,-0.012962,-0.032656,7.026939,6.475769,-17.096298,,,,,,,
1530640317.262528,0.066606,0.226136,-1.457530,-0.018938,-0.035408,-0.223332,0.064862,-0.224213,-0.972379,0.030475,-0.004531,-0.019701,7.072124,6.450470,-17.177643,,,,,,,
1530640317.282497,0.066142,0.225530,-1.461896,-0.022171,-0.084060,-0.211671,0.064420,-0.223623,-0.972544,0.030245,-0.001032,-0.011174,6.869015,6.686630,-16.999352,,,,,,,
1530640317.302466,0.065110,0.224364,-1.466126,-0.059927,-0.111655,-0.210321,0.063433,-0.222486,-0.972870,0.016859,-0.002017,-0.010284,6.887402,6.762459,-17.191544,,,,,,,
1530640317.322435,0.063450,0.222706,-1.470500,-0.065020,-0.151274,-0.227713,0.061841,-0.220870,-0.973341,0.009692,-0.003053,-0.028216,6.790283,6.923981,-16.954468,,,,,,,
1530640317.342404,0.061188,0.221967,-1.475591,0.012851,-0.184194,-0.259979,0.059650,-0.220149,-0.973641,0.005902,-0.000371,-0.048240,6.705513,6.952194,-17.020309,,,,,,,
1530640317.362373,0.058178,0.222967,-1.481260,0.095830,-0.239312,-0.275150,0.056706,-0.221124,-0.973596,0.014766,0.003655,-0.042609,6.616028,6.792267,-17.012825,,,,,,,
1530640317.382341,0.054255,0.224959,-1.486977,0.117809,-0.274687,-0.269084,0.052862,-0.223066,-0.973369,0.016795,0.007063,-0.024724,6.515301,6.981689,-16.928116,,,,,,,
1530640317.402310,0.050136,0.226666,-1.492446,0.081997,-0.258246,-0.250290,0.048833,-0.224730,-0.973197,0.010569,0.010085,-0.006982,6.467373,6.773163,-16.965416,,,,,,,
1530640317.422279,0.046588,0.227249,-1.497133,0.022965,-0.213218,-0.213855,0.045374,-0.225298,-0.973233,-0.001429,0.011919,-0.010990,6.429440,6.699928,-16.875343,,,,,,,
1530640317.442248,0.044288,0.227197,-1.500933,0.005799,-0.137359,-0.168005,0.043135,-0.225248,-0.973346,-0.006728,0.015729,-0.012692,6.128506,6.937187,-17.085846,,,,,,,
1530640317.462217,0.043024,0.227000,-1.503890,-0.003972,-0.080223,-0.128802,0.041907,-0.225056,-0.973444,-0.007270,0.007877,-0.009649,6.055801,7.089859,-17.205292,,,,,,,
1530640317.482186,0.042200,0.226901,-1.506158,0.005228,-0.076011,-0.099760,0.041107,-0.224959,-0.973501,-0.007217,0.005965,-0.007563,6.238441,6.919647,-17.171303,,,,,,,
1530640317.502155,0.040781,0.227057,-1.508262,0.025208,-0.107992,-0.105516,0.039723,-0.225111,-0.973523,-0.013875,-0.001329,-0.012408,6.154186,6.671547,-17.370796,,,,,,,
1530640317.522124,0.038652,0.228092,-1.510950,0.085343,-0.158495,-0.148462,0.037641,-0.226120,-0.973372,-0.021543,-0.002487,-0.017549,6.049347,6.677216,-17.375328,,,,,,,
1530640317.542093,0.035166,0.230359,-1.514977,0.146774,-0.261783,-0.220801,0.034230,-0.228327,-0.972983,-0.027546,-0.005377,-0.011560,6.031261,6.894318,-17.196587,,,,,,,
1530640317.562062,0.029951,0.233576,-1.520958,0.187522,-0.369235,-0.328529,0.029133,-0.231458,-0.972409,-0.039662,-0.006640,0.000180,5.801285,6.740578,-17.437630,,,,,,,
1530640317.582031,0.020989,0.238599,-1.526240,0.292581,-0.564321,-0.218420,0.020393,-0.236342,-0.971456,-0.000679,0.015975,-0.003581,5.636864,6.619186,-17.778679,,,,,,,
1530640317.602000,0.007648,0.245410,-1.529418,0.406713,-0.833688,-0.062399,0.007419,-0.242955,-0.970009,0.027600,0.054890,-0.035820,5.369553,6.463509,-17.745819,,,,,,,
1530640317.621969,-0.012288,0.256220,-1.528519,0.605984,-1.025636,0.068293,-0.011887,-0.253425,-0.967282,0.018372,0.043480,-0.041233,4.945236,6.202789,-17.784729,,,,,,,
1530640317.641938,-0.031279,0.268365,-1.527755,0.574194,-0.882586,-0.023432,-0.030154,-0.265155,-0.963734,-0.001569,-0.009717,-0.009502,4.605896,5.936584,-17.645416,,,,,,,
1530640317.661907,-0.044825,0.277416,-1.529746,0.361346,-0.581284,-0.163151,-0.043097,-0.273872,-0.960800,-0.025568,-0.015679,0.040482,4.392353,5.890991,-17.954353,,,,,,,
1530640317.681876,-0.051826,0.281620,-1.533782,0.120520,-0.331365,-0.214384,-0.049762,-0.277912,-0.959317,-0.025281,0.000706,0.049893,4.235584,5.737236,-18.148033,,,,,,,
1530640317.701845,-0.055454,0.281770,-1.537868,-0.040250,-0.210137,-0.177572,-0.053240,-0.278056,-0.959088,-0.007795,0.007899,0.023099,4.124664,5.781052,-18.061218,,,,,,,
1530640317.721814,-0.057749,0.280433,-1.541006,-0.080499,-0.136487,-0.130413,-0.055462,-0.276771,-0.959334,0.004375,0.009712,-0.015794,4.060646,5.779633,-18.065865,,,,,,,
1530640317.741783,-0.059092,0.279299,-1.543386,-0.049272,-0.080383,-0.103516,-0.056770,-0.275682,-0.959571,0.005241,0.010515,-0.035638,4.168442,5.803299,-17.920639,,,,,,,
1530640317.761752,-0.059802,0.278818,-1.545207,-0.017002,-0.050788,-0.074592,-0.057458,-0.275220,-0.959663,0.001809,0.009274,-0.031533,4.296516,5.877365,-18.126183,,,,,,,
1530640317.781721,-0.060434,0.279017,-1.546405,0.019498,-0.045449,-0.050155,-0.058061,-0.275410,-0.959572,-0.006163,0.008748,-0.024773,4.153587,5.695045,-18.046059,,,,,,,
1530640317.801690,-0.060806,0.279463,-1.547406,0.012187,-0.017821,-0.054254,-0.058411,-0.275840,-0.959427,-0.016174,0.006583,-0.005478,4.226978,5.656677,-18.019524,,,,,,,
1530640317.821659,-0.059536,0.278744,-1.548979,-0.072503,0.082892,-0.087375,-0.057204,-0.275148,-0.959698,-0.022004,0.001482,0.019162,4.273849,5.668877,-18.030548,,,,,,,
1530640317.841628,-0.055840,0.276445,-1.551444,-0.135120,0.192475,-0.127161,-0.053692,-0.272937,-0.960532,-0.033985,-0.000149,0.000343,4.422611,5.897095,-17.964920,,,,,,,
1530640317.861597,-0.049721,0.274091,-1.554694,-0.102355,0.299782,-0.161510,-0.047845,-0.270672,-0.961482,-0.033225,0.011715,-0.022191,4.340111,5.786972,-18.019028,,,,,,,
1530640317.881566,-0.042618,0.272957,-1.558068,-0.041557,0.311887,-0.158865,-0.041027,-0.269581,-0.962103,-0.007572,0.013965,-0.004922,4.379570,5.900909,-18.031677,,,,,,,
1530640317.901535,-0.035974,0.272366,-1.561016,-0.041781,0.291824,-0.130918,-0.034641,-0.269011,-0.962514,0.009189,0.013045,0.023381,4.523922,5.912712,-17.821739,,,,,,,
1530640317.921504,-0.030181,0.271483,-1.563344,-0.051425,0.260739,-0.105083,-0.029071,-0.268160,-0.962936,0.007862,0.007433,0.024444,4.724613,5.910736,-18.021240,,,,,,,
1530640317.941473,-0.025283,0.270740,-1.565232,-0.029483,0.207665,-0.093706,-0.024360,-0.267444,-0.963265,0.000388,0.003070,0.018273,4.696018,6.079788,-17.862320,,,,,,,
1530640317.961442,-0.021824,0.270207,-1.567603,-0.024901,0.108620,-0.138447,-0.021030,-0.266931,-0.963486,-0.008205,0.005350,0.015412,4.829285,6.088684,-17.525490,,,,,,,
1530640317.981411,-0.019977,0.269620,-1.571946,-0.028329,0.056276,-0.231419,-0.019254,-0.266366,-0.963680,0.002988,0.001976,0.017559,4.790478,6.340553,-17.822899,,,,,,,
1530640318.001380,-0.017596,0.268903,-1.576219,-0.055939,0.047161,-0.189109,-0.016963,-0.265674,-0.963914,0.029963,-0.026974,0.012101,4.744804,6.053635,-18.000626,,,,,,,
1530640318.021349,-0.015912,0.267268,-1.580298,-0.099777,0.017539,-0.213589,-0.015347,-0.264098,-0.964374,0.009899,0.001692,0.016147,4.747078,6.237808,-18.030304,,,,,,,
1530640318.041318,-0.015023,0.265197,-1.585249,-0.110006,-0.030820,-0.243911,-0.014497,-0.262100,-0.964932,0.019090,-0.013031,0.010342,4.770977,6.355049,-17.864426,,,,,,,
1530640318.061287,-0.014754,0.262874,-1.590135,-0.129040,-0.043092,-0.224355,-0.014246,-0.259857,-0.965542,0.037485,-0.033661,0.015454,4.728912,6.134697,-18.033745,,,,,,,
1530640318.081256,-0.013884,0.259587,-1.594490,-0.207926,-0.005727,-0.196372,-0.013418,-0.256681,-0.966403,0.029043,-0.020220,0.023593,4.654510,6.439346,-18.062248,,,,,,,
1530640318.101225,-0.013137,0.254978,-1.598264,-0.242766,-0.022478,-0.166958,-0.012712,-0.252225,-0.967585,0.030031,-0.011020,-0.007100,4.901054,6.398949,-17.784958,,,,,,,
1530640318.121194,-0.012898,0.250598,-1.601286,-0.210579,-0.030489,-0.127437,-0.012494,-0.247983,-0.968684,0.028882,-0.013095,-0.028570,4.737301,6.454559,-17.949272,,,,,,,
1530640318.141163,-0.012777,0.247067,-1.603503,-0.180484,-0.025245,-0.088908,-0.012388,-0.244561,-0.969555,0.021101,-0.012107,-0.032978,4.946079,6.322403,-17.687782,,,,,,,
1530640318.161132,-0.012932,0.243874,-1.604932,-0.163988,-0.046470,-0.053593,-0.012549,-0.241464,-0.970329,0.012732,-0.013373,-0.033852,4.900822,6.486458,-17.776329,,,,,,,
1530640318.181101,-0.014414,0.241222,-1.605930,-0.116821,-0.118271,-0.049049,-0.013996,-0.238890,-0.970946,-0.004238,-0.012666,-0.055376,4.789093,6.711967,-17.650871,,,,,,,
1530640318.201070,-0.017088,0.239814,-1.607156,-0.048550,-0.174512,-0.060834,-0.016598,-0.237522,-0.971240,-0.010761,-0.004772,-0.063534,4.725388,6.765244,-17.820641,,,,,,,
1530640318.221039,-0.020236,0.239652,-1.608371,0.006980,-0.169051,-0.054928,-0.019656,-0.237365,-0.971222,-0.014585,0.002517,-0.051682,4.588146,6.849327,-17.944336,,,,,,,
1530640318.241008,-0.022439,0.240289,-1.609395,0.039418,-0.092936,-0.048439,-0.021792,-0.237984,-0.971025,-0.024244,0.007210,-0.042632,4.598640,6.796158,-17.728439,,,,,,,
1530640318.260977,-0.022772,0.241051,-1.610450,0.027921,0.003156,-0.055401,-0.022111,-0.238723,-0.970836,-0.031264,0.013015,-0.014363,4.442577,6.867592,-17.724594,,,,,,,
1530640318.280946,-0.021538,0.241140,-1.611659,-0.005601,0.066131,-0.061211,-0.020913,-0.238810,-0.970841,-0.032416,0.011210,0.007600,4.566864,6.770500,-17.696777,,,,,,,
1530640318.300915,-0.020049,0.240605,-1.613167,-0.034785,0.045313,-0.082569,-0.019470,-0.238290,-0.970999,-0.030488,0.009714,0.028784,4.627022,6.730652,-17.782150,,,,,,,
1530640318.320884,-0.019431,0.239836,-1.615369,-0.037600,-0.016234,-0.121664,-0.018874,-0.237543,-0.971194,-0.024202,0.008356,0.039690,4.605637,6.731636,-17.701256,,,,,,,
1530640318.340853,-0.020179,0.239106,-1.618211,-0.039466,-0.098846,-0.147926,-0.019604,-0.236834,-0.971352,-0.013553,0.011874,0.047234,4.440178,6.908501,-17.599113,,,,,,,
1530640318.360822,-0.022441,0.237879,-1.621475,-0.080223,-0.151710,-0.163924,-0.021808,-0.235642,-0.971595,-0.000897,0.008377,0.053825,4.405880,6.934174,-17.583244,,,,,,,
1530640318.380792,-0.024327,0.235532,-1.625001,-0.141016,-0.117437,-0.168505,-0.023653,-0.233361,-0.972103,0.008440,0.019616,0.050563,4.510960,7.062950,-17.594849,,,,,,,
1530640318.400761,-0.025943,0.232549,-1.628138,-0.150705,-0.126482,-0.137164,-0.025242,-0.230459,-0.972755,0.027470,0.015035,0.028632,4.408821,6.902771,-17.795998,,,,,,,
1530640318.420730,-0.028799,0.230193,-1.630481,-0.101703,-0.202923,-0.100307,-0.028036,-0.228166,-0.973219,0.030019,0.003297,0.013929,4.283848,7.189445,-17.797920,,,,,,,
1530640318.440699,-0.034339,0.228879,-1.632545,-0.052399,-0.372956,-0.098420,-0.033437,-0.226885,-0.973347,0.011663,-0.003202,-0.001216,4.157158,7.069237,-17.987938,,,,,,,
1530640318.460668,-0.044631,0.229053,-1.634469,0.043005,-0.641305,-0.088869,-0.043451,-0.227056,-0.972912,-0.014243,0.002096,-0.036793,3.872875,7.200363,-17.998566,,,,,,,
1530640318.480637,-0.060948,0.231695,-1.635562,0.190452,-0.954165,-0.030477,-0.059283,-0.229628,-0.971471,-0.037336,0.035337,-0.075571,3.434460,7.204491,-18.047569,,,,,,,
1530640318.500606,-0.083849,0.237859,-1.635483,0.406179,-1.200706,0.012415,-0.081393,-0.235623,-0.968430,-0.073560,0.078991,-0.085037,3.106453,7.026703,-17.889778,,,,,,,
1530640318.520575,-0.108622,0.247795,-1.632376,0.538147,-1.220550,0.161908,-0.105097,-0.245267,-0.963742,-0.102239,0.127041,-0.000156,2.518322,6.896400,-18.181618,,,,,,,
1530640318.540544,-0.135856,0.256541,-1.624877,0.426019,-1.281847,0.410865,-0.131006,-0.253736,-0.958361,-0.121192,0.172483,0.138460,2.034737,6.752037,-18.235992,,,,,,,
1530640318.560513,-0.165459,0.260405,-1.611159,0.196621,-1.342741,0.766775,-0.159152,-0.257472,-0.953089,-0.151761,0.192271,0.247599,1.662415,6.626289,-18.369682,,,,,,,
1530640318.580482,-0.201309,0.257826,-1.590706,-0.017966,-1.692803,1.113578,-0.193343,-0.254979,-0.947420,-0.215577,0.198277,0.264619,0.978828,6.585190,-18.476166,,,,,,,
1530640318.600451,-0.247658,0.251472,-1.567794,-0.067253,-2.215030,1.126688,-0.237424,-0.248830,-0.938996,-0.282031,0.242177,0.317307,0.262890,6.651115,-18.406151,,,,,,,
1530640318.620420,-0.300016,0.245415,-1.549175,-0.033418,-2.466969,0.841459,-0.286680,-0.242959,-0.926707,-0.294359,0.306435,0.378718,-0.491972,6.486534,-18.456032,,,,,,,
1530640318.640388,-0.353089,0.241247,-1.535809,0.025207,-2.489584,0.596980,-0.335783,-0.238914,-0.911136,-0.244508,0.325798,0.393223,-1.301086,6.494095,-17.990845,,,,,,,
1530640318.660358,-0.404558,0.237222,-1.526427,-0.071318,-2.452266,0.473078,-0.382589,-0.235004,-0.893532,-0.079920,0.323154,0.464012,-2.158646,6.474686,-18.080788,,,,,,,
1530640318.680327,-0.458627,0.226952,-1.513029,-0.251528,-2.691695,1.102620,-0.431365,-0.225009,-0.873668,0.306090,0.103839,0.385860,-2.873917,6.322891,-17.961571,,,,,,,
1530640318.700296,-0.521714,0.207386,-1.489441,-0.354503,-2.992402,1.650160,-0.487688,-0.205903,-0.848389,0.209368,0.334840,0.352280,-3.735273,6.634941,-17.456772,,,,,,,
1530640318.720265,-0.588868,0.179305,-1.461930,-0.597679,-3.182596,2.027164,-0.546516,-0.178346,-0.818238,0.196891,0.278337,0.277299,-4.845104,7.500290,-16.977448,,,,,,,
1530640318.740234,-0.660364,0.142396,-1.432373,-0.574577,-3.391712,2.414172,-0.607196,-0.141915,-0.781775,0.263126,0.245233,0.005805,-5.416040,7.704102,-16.603958,,,,,,,
1530640318.760203,-0.732484,0.105113,-1.395797,-0.057782,-3.417017,2.696510,-0.665027,-0.104919,-0.739412,0.312672,0.294678,-0.227491,-5.999287,7.958084,-16.302505,,,,,,,
1530640318.780172,-0.807658,0.068020,-1.347885,0.564025,-3.647162,3.222632,-0.721000,-0.067968,-0.689594,0.456076,0.236822,-0.393276,-6.581100,8.120125,-15.662132,,,,,,,
1530640318.800141,-0.885070,0.025592,-1.287663,1.003017,-3.754992,3.789053,-0.773706,-0.025590,-0.633028,0.442789,0.207947,-0.433852,-6.914324,8.163528,-15.544563,,,,,,,
1530640318.820110,-0.958197,-0.023338,-1.219200,1.399809,-3.586319,4.122134,-0.817933,0.023336,-0.574840,0.298677,0.135630,-0.476506,-7.282251,7.943100,-15.272247,,,,,,,
1530640318.840079,-1.022624,-0.076442,-1.147318,1.616079,-3.232655,4.212132,-0.850986,0.076368,-0.519607,0.132358,0.038943,-0.452592,-7.739296,7.694206,-14.935860,,,,,,,
1530640318.860048,-1.069684,-0.131939,-1.076930,1.653463,-2.368676,4.106968,-0.869426,0.131557,-0.476226,-0.053609,-0.032069,-0.410691,-7.959713,7.653763,-14.830872,,,,,,,
1530640318.880017,-1.093479,-0.185897,-1.010319,1.636932,-1.346487,3.793909,-0.872927,0.184828,-0.451483,-0.237501,-0.072768,-0.350229,-7.813919,7.374107,-14.995186,,,,,,,
1530640318.899986,-1.097764,-0.234048,-0.947543,1.634721,-0.626241,3.403742,-0.865920,0.231917,-0.443167,-0.344636,-0.145598,-0.279169,-7.590139,6.962074,-14.728897,,,,,,,
1530640318.919955,-1.089618,-0.276248,-0.889556,1.420743,-0.224964,3.014303,-0.852841,0.272747,-0.445276,-0.512836,-0.209896,-0.189322,-7.247345,6.691742,-14.901527,,,,,,,
1530640318.939924,-1.082546,-0.312216,-0.838424,1.334170,-0.544269,2.579041,-0.840459,0.307168,-0.446404,-0.642726,-0.378518,-0.347038,-7.274210,6.795532,-14.840317,,,,,,,
1530640318.959893,-1.082616,-0.338605,-0.787755,1.635012,-0.956055,2.089589,-0.833040,0.332172,-0.442388,-0.731139,-0.408069,-0.398631,-7.236271,6.091293,-14.522606,,,,,,,
1530640318.979861,-1.085542,-0.350811,-0.735302,2.036582,-1.018041,1.456231,-0.830682,0.343660,-0.438025,-0.755561,-0.487169,-0.303034,-7.511675,5.725304,-14.680275,,,,,,,
1530640318.999831,-1.085643,-0.349835,-0.685599,2.072178,-0.744250,0.813295,-0.831022,0.342743,-0.438098,-0.696596,-0.537231,-0.059202,-7.586628,5.156006,-14.483994,,,,,,,
1530640319.019800,-1.084530,-0.339709,-0.644735,1.844999,-0.628777,0.248972,-0.833560,0.333213,-0.440622,-0.640134,-0.557471,0.128076,-7.752110,4.644226,-14.294334,,,,,,,
1530640319.039769,-1.080709,-0.325661,-0.625528,-0.245964,1.169058,-0.704752,-0.835918,0.319935,-0.445963,-0.750829,-0.133473,1.746729,-7.521746,4.256172,-14.263588,,,,,,,
1530640319.059738,-1.047090,-0.332287,-0.679692,-3.245656,2.861553,-1.069049,-0.818602,0.326206,-0.472738,-0.561998,-0.647556,1.044485,-6.662291,4.938889,-14.223015,,,,,,,
,,,,,,,,,,,,,,,,39.779234,-84.064336,292.242157,-1.000000,-1.000000,1530640320.995070,
1530640321.112821,-2.397037,-0.736511,-0.838605,1.063224,0.512033,0.538864,-0.502011,0.671707,0.544789,-0.202350,0.204102,-1.609944,-11.235941,25.080750,-16.891563,,,,,,,
1530640321.132790,-2.388270,-0.755333,-0.824807,0.942261,-0.271691,0.217131,-0.498030,0.685531,0.531050,0.144148,-0.209716,-1.037947,-11.395279,25.009163,-17.320168,,,,,,,
1530640321.152759,-2.390158,-0.769030,-0.823039,0.357374,0.165490,0.559820,-0.490569,0.695439,0.525078,0.506820,-0.495701,-0.614265,-11.451128,25.283638,-17.580482,,,,,,,
1530640321.172729,-2.384729,-0.782835,-0.834819,0.203443,0.898393,0.900417,-0.486774,0.705292,0.515378,0.540424,-0.533158,-0.609143,-10.972063,25.414825,-17.504486,,,,,,,
1530640321.192698,-2.379369,-0.801888,-0.849464,0.430403,0.633039,1.109184,-0.480162,0.718670,0.502949,0.460738,-0.349865,-0.823781,-10.438406,25.798294,-17.835075,,,,,,,
1530640321.212667,-2.379582,-0.825735,-0.867235,0.368727,0.763939,1.339116,-0.468087,0.735047,0.490511,0.168908,0.069412,-0.838610,-9.553473,26.165901,-17.904488,,,,,,,
1530640321.232636,-2.375076,-0.844990,-0.891371,-0.001860,1.324170,1.118204,-0.460389,0.747965,0.478112,-0.175887,0.554983,-0.785179,-8.650303,26.567764,-18.300529,,,,,,,
1530640321.252606,-2.357113,-0.852937,-0.905147,0.036755,1.404207,0.238101,-0.464689,0.753216,0.465543,-0.345614,0.804676,-0.878660,-7.981203,26.612930,-18.443810,,,,,,,
1530640321.272575,-2.319813,-0.854360,-0.892982,0.523300,1.442698,-0.402152,-0.480941,0.754151,0.447160,-0.232376,0.598953,-0.835664,-7.600739,26.511108,-18.741379,,,,,,,
1530640321.292544,-2.270701,-0.857356,-0.867907,0.803287,1.534241,-0.403617,-0.500582,0.756115,0.421554,-0.066694,0.241352,-0.639266,-7.036442,26.160172,-19.317116,,,,,,,
1530640321.312513,-2.219082,-0.865283,-0.840834,1.017962,1.569675,-0.110219,-0.516872,0.761279,0.391532,0.036601,-0.087787,-0.532005,-6.512682,25.904091,-19.483665,,,,,,,
1530640321.332483,-2.168595,-0.881892,-0.815158,1.233067,1.513158,0.389803,-0.525448,0.771943,0.357782,0.134060,-0.313706,-0.472818,-5.996660,25.449196,-20.664383,,,,,,,
1530640321.352452,-2.122455,-0.909327,-0.791832,1.437023,1.297088,0.975462,-0.523153,0.789090,0.321943,0.106283,-0.396070,-0.458692,-4.904688,24.964127,-21.229683,,,,,,,
1530640321.372421,-2.081163,-0.946700,-0.767077,1.690957,0.954403,1.350743,-0.509896,0.811491,0.285461,-0.037879,-0.351424,-0.449325,-3.889738,24.408752,-21.901070,,,,,,,
1530640321.392390,-2.013264,-0.989989,-0.726166,2.261048,2.650908,1.354995,-0.495858,0.836020,0.234937,-0.298225,-0.269736,0.077258,-2.416040,23.731514,-22.810989,,,,,,,
1530640321.412359,-1.904407,-1.023220,-0.669661,1.712773,2.802533,0.686419,-0.491916,0.853789,0.170481,-0.545011,-0.111296,0.426672,-0.584398,22.892540,-23.873398,,,,,,,
1530640321.432328,-0.876666,-0.803743,0.161111,0.571776,0.710828,0.230128,-0.533428,0.719959,-0.443974,-0.271381,-0.001011,0.780034,0.278305,22.630104,-24.096718,,,,,,,
1530640321.452297,-0.873645,-0.804178,0.169726,0.118959,-0.513306,0.235528,-0.531845,0.720261,-0.445383,-0.095948,-0.040146,0.381372,0.258240,22.735519,-24.317322,,,,,,,
1530640321.472267,-0.567359,-0.549820,0.379312,0.257203,-0.802565,0.393358,-0.458203,0.522534,-0.719033,-0.136371,0.159366,0.550088,0.123116,22.761803,-24.407211,,,,,,,
1530640321.492236,-0.571203,-0.545922,0.394862,0.719165,-0.363703,0.443393,-0.462061,0.519207,-0.718974,-0.121618,0.214207,0.601817,-0.122570,22.932892,-24.582886,,,,,,,
1530640321.512205,-0.549092,-0.527839,0.414487,1.535300,1.320700,0.110631,-0.450879,0.503667,-0.736904,-0.171130,0.332117,0.801601,0.314533,22.640160,-24.957146,,,,,,,
1530640321.532176,-0.495507,-0.500631,0.438795,1.659793,2.363112,0.378567,-0.417127,0.479979,-0.771767,-0.130404,0.208955,0.872308,1.460186,21.861839,-25.231621,,,,,,,
1530640321.552145,-0.451243,-0.493596,0.456351,-0.112327,1.062266,0.524928,-0.384031,0.473795,-0.792488,-0.305742,0.195257,1.410256,2.759258,21.743805,-25.405434,,,,,,,
1530640321.572114,-0.448163,-0.508949,0.456565,-0.855156,-0.231360,0.217075,-0.378392,0.487260,-0.787018,-0.535228,0.362853,0.635926,3.007416,22.298714,-25.038528,,,,,,,
1530640321.592083,-0.465089,-0.526949,0.448079,-1.015879,-0.840332,0.008774,-0.387661,0.502899,-0.772536,-0.548435,0.348053,0.565718,2.947666,23.312332,-24.591042,,,,,,,
1530640321.612052,-0.492352,-0.544444,0.437643,-0.930858,-1.212376,0.008229,-0.404354,0.517943,-0.753812,-0.527347,0.292558,0.544965,2.329517,24.256126,-24.294128,,,,,,,
1530640321.632021,-0.508849,-0.555125,0.429908,-0.339097,0.493543,-0.072902,-0.414016,0.527049,-0.742165,-0.712525,0.311665,0.738152,1.963425,25.029572,-23.917648,,,,,,,
1530640321.651990,-0.471046,-0.559602,0.416767,-1.119513,2.208328,-0.732540,-0.384596,0.530849,-0.755172,-1.120836,0.294285,1.630523,2.886082,25.988571,-23.202156,,,,,,,
1530640321.671961,-0.527659,-0.597660,0.353446,-3.538466,-2.591877,-1.681153,-0.416230,0.562710,-0.714220,-1.436385,0.353977,1.501238,2.085468,27.930893,-21.509033,,,,,,,
1530640321.691930,-0.601340,-0.625210,0.279755,-2.110280,-0.740159,-1.973263,-0.458731,0.585268,-0.668601,-0.950021,0.553770,1.138892,0.416428,29.996872,-19.785446,,,,,,,
1530640321.711899,-0.669587,-0.626037,0.215551,-1.415174,-2.402414,-2.041538,-0.502957,0.585938,-0.635382,-0.386920,0.604950,0.549735,-1.373356,31.316208,-18.726852,,,,,,,
1530640321.731869,-0.774974,-0.618673,0.160302,-1.079551,-4.269310,-1.872930,-0.570007,0.579955,-0.582017,-0.281982,0.560762,0.157914,-3.757830,32.448654,-17.177269,,,,,,,
1530640321.751837,-0.901427,-0.605542,0.114677,-0.881869,-5.396892,-1.652906,-0.644775,0.569208,-0.510164,-0.317475,0.699484,0.049608,-6.531069,33.431396,-15.832169,,,,,,,
1530640321.771806,-1.034953,-0.591028,0.079183,-0.752788,-5.716401,-1.270791,-0.713983,0.557215,-0.423958,-0.279227,0.872869,0.092491,-9.287369,34.458450,-14.019936,,,,,,,
1530640321.791775,-1.155147,-0.580336,0.053269,-0.708571,-4.914936,-0.797162,-0.765073,0.548305,-0.337676,-0.214160,1.017247,0.176543,-11.510738,35.085526,-11.848053,,,,,,,
1530640321.811745,-1.243346,-0.573337,0.029790,-0.848455,-2.881262,-0.668303,-0.795457,0.542439,-0.270199,-0.117613,1.076214,0.272977,-12.818546,35.499306,-10.343575,,,,,,,
1530640321.831714,-1.277082,-0.565884,0.011337,-0.388078,-0.276386,-0.477301,-0.807966,0.536162,-0.244379,0.211363,0.877580,0.056635,-13.436090,36.014381,-9.249542,,,,,,,
1530640321.851683,-1.266061,-0.561244,0.014716,0.547367,0.642811,0.010042,-0.807588,0.532240,-0.254012,0.633348,0.510485,-0.178086,-13.641159,36.175209,-8.824326,,,,,,,
1530640321.871654,-1.291413,-0.563955,0.027041,0.184895,-3.197302,0.446208,-0.812377,0.534533,-0.233061,1.026687,0.114256,0.102003,-13.735527,36.301941,-8.651413,,,,,,,
1530640321.891623,-1.377353,-0.576058,0.022442,-0.558211,-4.280744,0.553527,-0.822974,0.544722,-0.161215,0.913031,-0.118285,0.203741,-14.235722,37.011055,-7.257210,,,,,,,
1530640321.911592,-1.455787,-0.588396,0.007569,-0.751842,-2.945499,0.474670,-0.826336,0.555027,-0.095457,0.781323,-0.172139,0.064436,-14.449867,37.602623,-5.250267,,,,,,,
1530640321.931561,-1.506752,-0.595374,-0.006731,-0.477884,-1.787590,0.157009,-0.826241,0.560818,-0.052989,0.672615,-0.214062,-0.154546,-14.600342,37.989891,-3.905388,,,,,,,
1530640321.951530,-1.536429,-0.593003,-0.008621,0.191641,-1.260285,-0.300562,-0.828776,0.558854,-0.028494,0.622431,-0.247696,-0.386819,-14.623100,38.366539,-3.304283,,,,,,,
1530640321.971499,-1.548801,-0.581729,0.006281,0.862466,-0.871665,-0.657445,-0.835311,0.549469,-0.018376,0.608627,-0.233444,-0.479305,-15.041798,38.549339,-2.851349,,,,,,,
1530640321.991469,-1.545508,-0.567891,0.029423,0.971150,-0.211767,-0.627377,-0.842768,0.537855,-0.021317,0.707651,-0.277693,-0.322418,-15.759043,38.650795,-3.426147,,,,,,,
1530640322.011438,-1.541145,-0.558229,0.045288,0.556986,-0.257524,-0.376203,-0.847821,0.529685,-0.025146,0.814695,-0.348563,-0.180985,-16.141792,38.775597,-3.664658,,,,,,,
1530640322.031408,-1.236317,-0.671345,0.235571,0.917282,-0.178524,-0.323579,-0.739594,0.622039,-0.257036,0.636262,-0.411133,-0.197279,-16.435661,39.016006,-4.094765,,,,,,,
1530640322.051377,-1.219508,-0.655147,0.266259,1.715906,-0.133013,-0.397669,-0.744533,0.609276,-0.272863,0.599666,-0.348152,-0.262537,-16.858017,39.030434,-4.793312,,,,,,,
1530640322.071347,-1.038942,-0.652159,-0.208582,2.249200,-0.800012,-0.708555,-0.684991,0.606904,-0.403056,0.387704,-0.246186,-0.006276,-17.429310,39.287415,-5.851295,,,,,,,
1530640322.091316,-1.027494,-0.616203,-0.533025,2.217491,-0.334278,-0.689796,-0.698569,0.577940,-0.421885,0.297583,0.075548,0.584467,-18.191105,39.121193,-7.234497,,,,,,,
1530640322.111284,-0.963041,-0.561773,-0.743304,-2.003591,0.542723,-1.199226,-0.694764,0.532688,-0.483266,-0.590346,1.086163,4.559682,-19.024279,39.423058,-8.366280,,,,,,,
1530640322.131254,-0.955760,-0.581561,-0.989790,-3.026607,2.237804,-0.913745,-0.682483,0.549329,-0.482135,-0.562756,2.316103,4.176363,-19.456230,39.990681,-7.052567,,,,,,,
1530640322.151223,-0.969348,-0.596175,-1.141219,-0.380377,-0.889571,0.394340,-0.682279,0.561481,-0.468224,0.383619,1.626782,0.787148,-19.825972,40.650909,-5.455193,,,,,,,
1530640322.171192,-0.991880,-0.596692,-1.211243,1.179181,-2.121883,0.529229,-0.692412,0.561909,-0.452574,0.790465,0.939723,1.265242,-19.554428,40.965496,-4.551422,,,,,,,
1530640322.191163,-0.969718,-0.589069,-1.241477,1.616164,1.941463,0.852624,-0.685726,0.555587,-0.470216,0.489955,0.619233,0.745073,-19.110569,41.343822,-5.372360,,,,,,,
1530640322.211132,-0.862947,-0.601471,-1.275119,-0.232581,5.547444,1.014836,-0.626427,0.565856,-0.536094,-0.006493,0.443772,0.007865,-17.709782,41.801029,-6.826286,,,,,,,
1530640322.231101,-0.774321,-0.621527,-1.325925,-1.022281,3.778908,0.422623,-0.568468,0.582277,-0.581203,0.104311,0.084211,-0.268559,-16.025082,42.677174,-7.766312,,,,,,,
1530640322.251070,-0.723808,-0.640252,-1.385035,-1.238092,2.797861,-0.094266,-0.531083,0.597397,-0.600889,0.307236,-0.256165,0.161985,-15.144014,42.863052,-7.851189,,,,,,,
1530640322.271039,-0.691820,-0.654443,-1.441248,-0.995683,1.890133,-0.220944,-0.506134,0.608717,-0.610976,0.404373,-0.398878,0.231750,-14.940729,43.118519,-7.272583,,,,,,,
1530640322.291008,-0.678237,-0.666407,-1.482508,-0.629849,0.525853,0.217243,-0.493183,0.618166,-0.612080,0.257434,-0.229296,0.061283,-14.596855,43.614464,-6.781136,,,,,,,
1530640322.310978,-0.671154,-0.682754,-1.509477,-0.338226,0.061403,1.117852,-0.482486,0.630932,-0.607562,-0.030728,0.151828,0.056033,-13.697651,44.413315,-6.114662,,,,,,,
1530640322.330947,-0.643408,-0.703492,-1.500547,-0.029686,0.818668,1.585214,-0.457496,0.646884,-0.610113,-0.378701,0.553418,0.222235,-12.479357,44.955879,-6.008438,,,,,,,
1530640322.350916,-0.594380,-0.713476,-1.484751,0.537813,1.755159,1.026083,-0.423407,0.654466,-0.626419,-0.721139,0.796111,0.305648,-11.138205,45.272816,-6.500671,,,,,,,
1530640322.370887,-0.534238,-0.704579,-1.474826,1.078070,2.388941,0.342830,-0.387940,0.647713,-0.655721,-0.680755,0.687065,0.433141,-10.339581,45.117897,-7.871140,,,,,,,
1530640322.390856,-0.469730,-0.683799,-1.467309,1.416795,2.603925,0.207592,-0.350881,0.631742,-0.691219,-0.482844,0.367953,0.518856,-9.654669,45.159229,-8.965904,,,,,,,
1530640322.410825,-0.403097,-0.658289,-1.456145,1.608613,2.583021,0.347814,-0.310300,0.611764,-0.727639,-0.346163,0.083182,0.606667,-8.721907,44.796806,-10.909309,,,,,,,
1530640322.430794,-0.338748,-0.630380,-1.441334,1.691228,2.371026,0.509846,-0.268439,0.589452,-0.761897,-0.296274,-0.082387,0.677699,-7.829502,44.529057,-12.919067,,,,,,,
1530640322.450764,-0.275414,-0.602248,-1.424388,1.641612,2.639273,0.672370,-0.224101,0.566497,-0.793007,-0.314031,-0.164809,0.788582,-6.418728,44.081741,-14.385239,,,,,,,
1530640322.470733,-0.178908,-0.581751,-1.408025,0.876195,4.809398,0.734138,-0.148682,0.549488,-0.822166,-0.521392,-0.256916,1.591362,-4.449926,43.643314,-15.460358,,,,,,,
1530640322.490702,-0.081110,-0.579290,-1.403697,-0.184596,4.106176,0.309570,-0.067803,0.547430,-0.834100,-0.658042,-0.004537,1.165414,-2.559429,43.857430,-15.907608,,,,,,,
1530640322.510672,-0.022133,-0.589844,-1.411511,-0.627476,2.265733,-0.117366,-0.018392,0.556232,-0.830824,-0.611140,0.107755,0.761991,-1.748903,44.320648,-15.716667,,,,,,,
1530640322.530641,0.004307,-0.600789,-1.423017,-0.468073,1.031292,-0.087268,0.003553,0.565293,-0.824882,-0.506864,0.033843,0.590736,-1.346222,44.647022,-15.369751,,,,,,,
1530640322.550610,0.020652,-0.606044,-1.427178,-0.099548,0.665628,0.253246,0.016973,0.569620,-0.821733,-0.412145,-0.072199,0.688783,-1.142790,44.955990,-15.100883,,,,,,,
1530640322.570580,0.048953,-0.596310,-1.424825,0.876868,1.555741,0.474693,0.040488,0.561593,-0.826423,-0.404242,-0.040017,0.829367,-0.640472,45.051655,-15.997322,,,,,,,
1530640322.590549,0.090795,-0.570165,-1.415045,1.384767,1.513665,0.947937,0.076327,0.539771,-0.838344,-0.471255,0.063027,0.736782,0.575321,45.169403,-16.865189,,,,,,,
1530640322.610518,0.122466,-0.539443,-1.398153,1.435665,0.648933,1.157851,0.104813,0.513658,-0.851569,-0.675751,0.266478,0.674857,1.791000,44.732056,-18.139290,,,,,,,
1530640322.630488,0.133151,-0.508233,-1.385418,1.450869,-0.270774,0.858813,0.115978,0.486634,-0.865873,-0.894024,0.491088,0.675962,2.418556,44.566944,-19.255470,,,,,,,
1530640322.650457,0.122518,-0.480710,-1.383980,1.102042,-0.938079,0.314666,0.108361,0.462409,-0.880020,-1.053521,0.644311,0.892243,2.342785,44.300808,-20.425797,,,,,,,
1530640322.670426,0.104958,-0.474673,-1.386400,-0.159591,-0.872816,0.195776,0.093183,0.457048,-0.884548,-1.063703,0.426375,1.613658,1.895618,44.526558,-20.802795,,,,,,,
1530640322.690396,0.092262,-0.484197,-1.386695,-0.620510,-0.754106,0.132236,0.081541,0.465497,-0.881285,-0.985548,0.375674,0.916624,1.394073,44.939705,-20.697266,,,,,,,
1530640322.710365,0.079787,-0.497683,-1.388335,-0.691592,-0.706411,0.103023,0.070034,0.477391,-0.875896,-1.005993,0.313213,0.784938,0.776707,45.894756,-20.098724,,,,,,,
1530640322.730334,0.069133,-0.509121,-1.393630,-0.479101,-0.388153,-0.114488,0.060317,0.487410,-0.871088,-1.094375,0.252611,0.772913,0.232025,46.526035,-19.819939,,,,,,,
1530640322.750304,0.075743,-0.517789,-1.409509,-0.443107,1.490456,-0.717334,0.065751,0.494960,-0.866424,-1.380693,0.298146,1.150207,-0.291275,47.142704,-19.411400,,,,,,,
1530640322.770273,0.098330,-0.557555,-1.440941,-3.208337,0.852444,-1.870827,0.083303,0.529113,-0.844452,-1.710058,0.328888,2.321350,-1.594193,48.633110,-17.458672,,,,,,,
1530640322.790242,0.055414,-0.648666,-1.484326,-4.458929,-0.994350,-2.139266,0.044136,0.604124,-0.795667,-1.539284,0.448504,1.397642,-4.390684,50.465305,-13.814072,,,,,,,
1530640322.810212,0.012305,-0.712222,-1.541101,-2.299855,-0.550847,-2.521456,0.009313,0.653517,-0.756854,-1.252798,0.594621,0.638904,-7.356001,51.351242,-10.693268,,,,,,,
1530640322.830181,-0.072700,-0.740553,-1.608860,-1.116099,-3.009131,-2.438082,-0.053612,0.674696,-0.736146,-0.777107,0.547243,0.422959,-10.877554,51.630787,-8.715202,,,,,,,
1530640322.850150,-0.208325,-0.750489,-1.673211,-0.720307,-5.418719,-2.175663,-0.151260,0.681996,-0.715542,-0.772416,0.415522,0.042889,-14.679337,51.492439,-6.338936,,,,,,,
1530640322.870120,-0.368747,-0.752251,-1.727830,-0.592927,-6.459763,-1.695629,-0.263181,0.683284,-0.681071,-0.695620,0.518849,0.256206,-17.964325,51.216557,-3.579605,,,,,,,
1530640322.890089,-0.526330,-0.748141,-1.766514,-0.288357,-6.520450,-1.235403,-0.368210,0.680277,-0.633754,-0.649490,0.700353,0.340007,-20.419552,50.934414,-0.598305,,,,,,,
1530640322.910058,-0.661290,-0.735161,-1.791188,0.268966,-5.437983,-1.192985,-0.455518,0.670707,-0.585368,-0.595889,0.944604,0.443751,-22.008249,49.753555,2.286674,,,,,,,
1530640322.930028,-0.757139,-0.707969,-1.803973,1.123193,-4.041933,-1.174874,-0.521785,0.650292,-0.552141,-0.367818,0.906241,0.303560,-23.148941,48.683167,4.244637,,,,,,,
1530640322.949997,-0.808072,-0.681580,-1.807861,0.949959,-1.871415,-0.559660,-0.561432,0.630021,-0.536533,0.050339,0.538238,0.500217,-23.685242,47.615173,5.236092,,,,,,,
1530640322.969966,-0.814314,-0.670465,-1.808158,0.484043,0.019777,0.074575,-0.569828,0.621350,-0.537791,0.361896,0.194964,0.526698,-24.129408,46.854637,5.377831,,,,,,,
1530640322.989936,-0.820014,-0.677492,-1.813139,-0.548245,-0.996254,0.664165,-0.569677,0.626841,-0.531543,0.689566,-0.094462,0.671191,-23.777075,46.843712,6.355026,,,,,,,
1530640323.009905,-0.854895,-0.702966,-1.825724,-1.063072,-1.817947,1.062589,-0.575630,0.646483,-0.500708,0.709770,-0.241576,0.445914,-22.980888,46.991375,7.530724,,,,,,,
1530640323.029874,-0.890437,-0.729375,-1.834419,-0.626888,-1.706626,1.067103,-0.579582,0.666404,-0.469030,0.610237,-0.303611,0.182379,-21.832813,47.343102,9.267036,,,,,,,
1530640323.049844,-0.913819,-0.742795,-1.829764,0.374269,-1.558812,0.716330,-0.583255,0.676349,-0.449849,0.543460,-0.315814,-0.039988,-20.834694,47.307480,10.616669,,,,,,,
1530640323.069813,-0.926599,-0.736496,-1.811773,1.463787,-1.302801,0.200116,-0.592351,0.671696,-0.444908,0.510229,-0.355183,-0.132912,-20.365936,47.423790,10.850365,,,,,,,
1530640323.089782,-0.925162,-0.712751,-1.781421,1.929387,-1.239773,-0.315769,-0.604283,0.653918,-0.455230,0.472706,-0.325625,-0.119050,-20.376427,47.105167,9.521904,,,,,,,
1530640323.109752,-0.947158,-0.692444,-1.771029,0.861923,-1.571912,-0.445115,-0.624801,0.638420,-0.449492,0.624816,-0.381584,0.302549,-20.459690,47.096432,9.167336,,,,,,,
1530640323.129721,-0.966112,-0.679591,-1.773519,0.509902,-0.873723,-0.502704,-0.639906,0.628475,-0.442198,0.625532,-0.366680,0.131926,-20.985176,47.258942,9.578552,,,,,,,
1530640323.149690,-0.978791,-0.661389,-1.773249,1.138886,-0.873219,-0.605399,-0.654846,0.614213,-0.440361,0.625305,-0.371537,-0.102959,-21.522469,47.227386,9.443474,,,,,,,
1530640323.169660,-0.994653,-0.629740,-1.758892,1.861060,-1.735599,-0.926797,-0.677716,0.588935,-0.440292,0.384640,-0.262519,-0.022996,-22.122677,47.704071,8.975288,,,,,,,
1530640323.189629,-1.005110,-0.589646,-1.739182,2.110005,-0.330908,-1.012196,-0.701664,0.556066,-0.445486,0.216709,-0.002798,0.716330,-23.226503,48.092651,8.364265,,,,,,,
1530640323.209598,-0.987098,-0.574642,-1.780208,-3.841413,3.315720,-1.584726,-0.700410,0.543534,-0.462598,-0.771910,0.870116,5.553936,-24.786963,47.958931,8.459236,,,,,,,
1530640323.229568,-0.968901,-0.600364,-1.899718,-4.107852,3.315744,-1.575417,-0.680125,0.564943,-0.467193,-0.419393,2.027418,3.580841,-27.003235,46.674541,10.124893,,,,,,,
1530640323.249537,-0.964937,-0.598235,-1.930105,0.726158,0.111697,-0.298579,-0.679255,0.563185,-0.470570,0.266596,1.286760,0.641407,-27.959150,45.256821,11.252968,,,,,,,
,,,,,,,,,,,,,,,,39.779249,-84.064296,292.457886,-1.000000,-1.000000,1530640327.404828,
,,,,,,,,,,,,,,,,39.779269,-84.064256,292.555542,-1.000000,-1.000000,1530640333.437615,
,,,,,,,,,,,,,,,,39.779316,-84.064181,292.584076,-1.000000,-1.000000,1530640339.448386,
,,,,,,,,,,,,,,,,39.779323,-84.064156,292.611237,-1.000000,-1.000000,1530640342.929401,
,,,,,,,,,,,,,,,,39.779357,-84.064010,292.615112,-1.000000,-1.000000,1530640348.456233,
,,,,,,,,,,,,,,,,39.779432,-84.063875,292.676941,-1.000000,-1.000000,1530640354.457204,
,,,,,,,,,,,,,,,,39.779446,-84.063861,292.725677,-1.000000,-1.000000,1530640354.481025,
,,,,,,,,,,,,,,,,39.779451,-84.063829,292.768738,-1.000000,-1.000000,1530640355.923203,
,,,,,,,,,,,,,,,,39.779385,-84.063678,292.690002,-1.000000,-1.000000,1530640361.450572,
,,,,,,,,,,,,,,,,39.779390,-84.063695,292.842712,-1.000000,-1.000000,1530640366.413883,
,,,,,,,,,,,,,,,,39.779335,-84.063556,292.595917,-1.000000,-1.000000,1530640372.542516,
,,,,,,,,,,,,,,,,39.779323,-84.063531,292.436554,-1.000000,-1.000000,1530640376.458002,
,,,,,,,,,,,,,,,,39.779291,-84.063500,292.257111,-1.000000,-1.000000,1530640382.459225,
,,,,,,,,,,,,,,,,39.779177,-84.063172,291.008999,-1.000000,-1.000000,1530640385.999877,
,,,,,,,,,,,,,,,,39.779172,-84.063173,291.091640,-1.000000,-1.000000,1530640386.999873,
1530640387.708247,-0.030501,0.303088,-2.144929,0.310850,-0.135141,-0.024545,-0.029106,-0.298469,-0.953975,0.015053,-0.016732,0.017833,-14.132000,3.464928,-50.931534,,,,,,,
1530640387.728215,-0.032503,0.308620,-2.169849,0.251123,-0.090918,-0.031244,-0.030962,-0.303744,-0.952250,0.006258,-0.021894,0.041743,-14.338051,3.061165,-50.673447,,,,,,,
1530640387.748184,-0.033214,0.312783,-2.173262,0.178960,-0.021169,-0.057105,-0.031597,-0.307708,-0.950956,0.001110,-0.022523,0.039838,-14.323700,2.770866,-50.994705,,,,,,,
1530640387.768153,-0.032658,0.315296,-2.173965,0.094996,0.025170,-0.049513,-0.031042,-0.310098,-0.950198,0.012411,-0.025138,0.034808,-14.369326,2.763840,-50.998260,,,,,,,
1530640387.788122,-0.032013,0.316426,-2.173560,0.033096,0.013021,-0.045678,-0.030418,-0.311172,-0.949867,0.019783,-0.023041,0.023933,-14.374905,2.790176,-51.394730,,,,,,,
1530640387.808091,-0.031683,0.316801,-2.173595,0.003781,-0.009012,-0.050862,-0.030101,-0.311528,-0.949760,0.006801,-0.028789,0.018058,-14.324713,2.581810,-51.416733,,,,,,,
1530640387.828061,-0.031841,0.316544,-2.174091,-0.021517,-0.027883,-0.034507,-0.030254,-0.311284,-0.949835,0.006267,-0.028514,0.012930,-14.345894,2.630714,-51.303558,,,,,,,
1530640387.848028,-0.032200,0.315738,-2.173556,-0.052011,-0.025735,-0.024466,-0.030603,-0.310518,-0.950075,0.001413,-0.025343,0.019136,-14.210627,2.561539,-51.192184,,,,,,,
1530640387.867997,-0.028531,0.318000,-2.175014,-0.079289,-0.016904,-0.023053,-0.027096,-0.312668,-0.949476,-0.003696,-0.026779,0.016905,-14.328653,2.589813,-51.400192,,,,,,,
1530640387.887967,-0.031480,0.326703,-2.173840,-0.088710,0.019549,-0.026011,-0.029810,-0.320922,-0.946636,-0.012487,-0.019242,0.000393,-14.373150,2.844139,-51.221710,,,,,,,
1530640387.907936,-0.030681,0.330949,-2.172866,-0.047784,0.020665,-0.029681,-0.029012,-0.324941,-0.945289,-0.008921,-0.010676,-0.020638,-14.409992,2.909340,-51.166611,,,,,,,
1530640387.927905,-0.031437,0.333950,-2.171017,0.008827,0.000758,-0.027145,-0.029695,-0.327777,-0.944288,0.000841,-0.002423,-0.022585,-14.281101,2.704826,-51.220322,,,,,,,
1530640387.947874,-0.031847,0.336910,-2.169184,0.042400,0.015115,-0.029593,-0.030051,-0.330572,-0.943302,-0.005929,-0.001810,-0.013851,-14.324818,2.744202,-51.176910,,,,,,,
1530640387.967843,-0.033158,0.339579,-2.167192,0.055995,0.030536,-0.025350,-0.031259,-0.333090,-0.942377,-0.006049,0.001013,-0.012274,-14.309940,2.682655,-51.207413,,,,,,,
1530640387.987812,-0.033154,0.340563,-2.164213,0.058147,0.060392,-0.032779,-0.031244,-0.334018,-0.942049,-0.007620,0.000064,-0.013777,-14.222919,2.552612,-51.566116,,,,,,,
1530640388.007780,-0.031058,0.340379,-2.163319,0.046660,0.072583,-0.039068,-0.029272,-0.333844,-0.942174,-0.006739,0.002484,-0.010677,-14.198763,2.508438,-51.182999,,,,,,,
1530640388.027749,-0.029822,0.340506,-2.162569,0.033062,0.069304,-0.043254,-0.028105,-0.333964,-0.942167,-0.004548,-0.001378,-0.004016,-14.105604,2.358681,-51.444870,,,,,,,
1530640388.047718,-0.029126,0.340799,-2.162045,0.029946,0.041731,-0.046595,-0.027447,-0.334241,-0.942088,0.001553,-0.002536,-0.005757,-14.081089,2.380188,-51.236435,,,,,,,
1530640388.067687,-0.028988,0.341128,-2.161548,0.022590,0.040614,-0.044359,-0.027314,-0.334550,-0.941982,-0.003356,0.004457,-0.005161,-13.988213,2.405228,-51.424408,,,,,,,
,,,,,,,,,,,,,,,,39.779195,-84.063193,291.127407,-1.000000,-1.000000,1530640387.999870,
1530640388.087656,-0.028581,0.341113,-2.160957,0.010047,0.047278,-0.049587,-0.026930,-0.334536,-0.941998,-0.001787,0.005938,-0.000965,-13.807203,2.374031,-51.358109,,,,,,,
1530640388.107625,-0.027224,0.341168,-2.160784,0.011100,0.095863,-0.051524,-0.025652,-0.334588,-0.942015,0.002214,-0.000236,0.009337,-13.776630,2.283554,-51.339401,,,,,,,
1530640388.127594,-0.025150,0.341740,-2.160509,0.033001,0.090234,-0.036688,-0.023694,-0.335127,-0.941875,0.006665,-0.002993,0.004055,-13.816750,2.247940,-51.633453,,,,,,,
1530640388.147563,-0.024109,0.342371,-2.160029,0.049698,0.040473,-0.025238,-0.022708,-0.335721,-0.941688,0.017535,-0.000094,-0.012948,-13.688175,2.244621,-51.779495,,,,,,,
1530640388.167531,-0.023429,0.342767,-2.159248,0.023411,0.064713,-0.017293,-0.022064,-0.336095,-0.941570,0.011719,0.010091,-0.008122,-13.476997,2.058685,-51.650085,,,,,,,
1530640388.187500,-0.021725,0.342591,-2.158605,-0.021667,0.094551,-0.019907,-0.020461,-0.335929,-0.941665,0.005813,0.016089,0.009689,-13.444345,2.185020,-51.332016,,,,,,,
1530640388.207469,-0.019672,0.342120,-2.158415,-0.019408,0.083646,-0.039396,-0.018531,-0.335485,-0.941863,0.011359,0.007543,0.015456,-13.361586,2.074326,-51.582993,,,,,,,
1530640388.227437,-0.018490,0.342027,-2.158805,0.011019,-0.013510,-0.039112,-0.017418,-0.335397,-0.941916,0.028298,0.009439,0.008200,-13.369642,2.215065,-51.613953,,,,,,,
1530640388.247406,-0.018546,0.341540,-2.158771,-0.003801,-0.051166,-0.020796,-0.017474,-0.334939,-0.942078,0.012423,0.008263,0.004837,-13.291433,2.094284,-51.455017,,,,,,,
1530640388.267375,-0.018975,0.340654,-2.158710,-0.032225,-0.021435,-0.008493,-0.017883,-0.334103,-0.942367,0.009506,0.000470,-0.003510,-13.477705,1.982170,-51.498199,,,,,,,
1530640388.287344,-0.018371,0.339299,-2.158341,-0.083747,0.030355,0.007411,-0.017323,-0.332826,-0.942829,0.005589,0.011583,-0.010937,-13.429638,2.069191,-51.477814,,,,,,,
1530640388.307313,-0.016516,0.337122,-2.158417,-0.101418,0.023871,-0.011850,-0.015586,-0.330772,-0.943582,0.011832,0.008430,-0.020178,-13.327166,2.250114,-51.398407,,,,,,,
